model_name,val_accuracy,val_macro_f1,val_balanced_accuracy,val_top2_accuracy,n_train,n_val_eval,n_unseen_val_actions,n_features,n_classes
hist_gb,0.5978260869565217,0.5609989156953104,0.6011282961460447,0.8695652173913043,167,92,0,30,4
logreg,0.44565217391304346,0.39343106172374465,0.5011113928329953,0.8152173913043478,167,92,0,30,4
mlp_small,0.5,0.3596784326370859,0.37362660581473967,0.8478260869565217,167,92,0,30,4
