model_name,best_threshold,val_accuracy,val_macro_f1,val_balanced_accuracy,val_precision_stop,val_recall_stop,val_roc_auc,n_train,n_val,n_features
hist_gb,0.2,1.0,1.0,1.0,1.0,1.0,1.0,256,128,30
logreg,0.7,0.9140625,0.8928054815378759,0.8894927536231885,0.8571428571428571,0.8333333333333334,0.9661835748792271,256,128,30
mlp_small,0.65,0.7890625,0.7528427376099549,0.768719806763285,0.6046511627906976,0.7222222222222222,0.826388888888889,256,128,30
